16clust.,15clust.,14clust.,13clust.,12clust.,11clust.,10clust.,9clust.,8clust.,7clust.,6clust.,5clust.,4clust.,3clust.,2clust.
0.6680916223497617,0.6983192400534757,0.6696884923205174,0.5906099312548578,0.6203303978577499,0.5870465175217298,0.5574005499406839,0.5437336837606537,0.4829662450603848,0.4572132727484873,0.38920056491263944,0.32889613864546835,0.26324447104990567,0.17971181188393984,0.10768322691491419
0.7058643137837441,0.725532305195805,0.754295664076981,0.7083097655869558,0.7348225249553275,0.7513919747278484,0.7560636464252114,0.734479465375821,0.7404350905295765,0.7572583291106593,0.7177446756717246,0.6972722112277343,0.7069819947325824,0.6561038446101938,0.6751243629217271
0.686458746095857,0.7116657206139825,0.7094785763874869,0.644127243551073,0.6727399418718589,0.659129343054648,0.6417080777284814,0.6248742248116411,0.5846080840046943,0.5701715189366625,0.5047162641704035,0.4469639662652354,0.3836405371504451,0.28214262267709606,0.18574058532942533
0.42997955192211296,0.5637443909527183,0.4389854197472739,0.3497149795036718,0.4168178664403366,0.34107045621984067,0.3108731459727958,0.3337065053084658,0.23979809632333296,0.2193361190743175,0.17080162974321872,0.1311890072602876,0.08791649467791553,0.052895912354631265,0.03052442766771767
0.09795952708393732,0.09715241698108781,0.09428528677153968,0.09372228136789948,0.0906886180163463,0.08619948105220934,0.08340299746693836,0.08255049231214943,0.08114423009222613,0.0801217518314597,0.0731632680503235,0.06620950570426505,0.05949654226982902,0.0517310929017951,0.0392090136351276
